Name,Type,Esat,Esym,rho0,Lsym,Ksat,Ksym,Qsat,Qsym,Zsat,Zsym,msat,kv
Total,Average,-15.83,32.77,0.1598,66.3,278,-90.5,101,380,4547,-8460.5,0.745,1.01
Total,Sigma,0.26,2.97,0.0074,28.2,38.5,151.75,424.5,233,2725,4227.75,0.1825,0.505
Dutra,Average,-16,31.13379204,0.16,41.92676708,248.0281737,-185.3559633,-335.7598191,381.091924,1361.608,-2149.897646,0.858360968,0.285999156
Dutra,Sigma,0.331054139,2.923904622,0,31.5842451,49.46552221,126.3230244,131.017805,189.1737012,708.1196233,1000.121036,0.143451853,0.313039666
