Name,Type,Esat,Esym,rho0,Lsym,Ksat,Ksym,Qsat,Qsym,Zsat,Zsym,msat,kv
Total,Average,-15.83,32.77,0.1598,66.3,278,-90.5,101,380,4547,-8460.5,0.745,1.01
Total,Sigma,0.26,2.97,0.0074,28.2,38.5,151.75,424.5,233,2725,4227.75,0.1825,0.505
Narrow,Average,-16.015,32.775,0.155216667,68.96666667,249.1666667,-46.33333333,-110.3333333,362.5,3288.16667,-3970.83333,0.731666667,0.41
Narrow,Sigma,0.108333333,1.875,0.001966667,22.51666667,26.8333333,82.33333333,233.8333333,252.5,1159.33333,1754.5,0.081666667,0.216666667



