,t0,t1,t2,t31,t32,t33,x0,x1,x2,x31,x32,x33,sigma1,sigma2,sigma3
ska35s25,-1772.73,276.85,-162.36,12899.78,0.0,0.0,-0.14393,-0.8,0.0,-0.49481,0.0,0.0,0.35,0.0,0.0
s8s24,-1769.94287,270.29108,-160.89565,12894.44531,0.0,0.0,-0.05347,-1.46363,0.0,-0.1968,0.0,0.0,0.35,0.0,0.0
s10s24,-1812.993897,285.4754333,-262.1108398,12854.90234,0.0,0.0,-0.0347865,-1.0191988,-0.5,-0.1786289,0.0,0.0,0.3333333,0.0,0.0
s11s24,-1810.55542,288.1222534,-259.9057617,12799.22754,0.0,0.0,-0.0348021,-0.9936718,-0.5,-0.1810564,0.0,0.0,0.3333333,0.0,0.0
s12s24,-1814.175659,280.8729248,-87.3087616,12896.19141,0.0,0.0,-0.0621982,-1.5212641000000002,1.0,-0.2118511,0.0,0.0,0.3333333,0.0,0.0
s16s24,-1904.9104,313.9059143,196.150528,12775.74121,0.0,0.0,-0.09855189999999997,-1.7746626,-2.1692149,-0.2830223,0.0,0.0,0.3,0.0,0.0
