,t0,t1,t2,t31,t32,t33,x0,x1,x2,x31,x32,x33,sigma1,sigma2,sigma3,E0,J,K',K0,Ksym,L,Qsym,m*,PCentral,PressureHigh,R(1.4),lambda(1.4)
Gs,-1800.16,336.23,-85.74,11113.5,0.0,0.0,-0.4862,0.0,0.0,-1.0295,0.0,0.0,0.3,0.0,0.0,922.4309750955478,31.26559960709516,346.3787911333172,235.8589558367521,13.890540136655858,93.66655049292594,-26.352655573978524,0.7847970743326627,50.63565987463677,466.5,13.44372844696045,660.9736328125
SK255,-1689.35,389.3,-126.07,10989.6,0.0,0.0,-0.1461,0.116,0.0012,-0.7449,0.0,0.0,0.3563,0.0,0.0,921.6873146963907,37.35463962161215,348.9439195312524,254.2534257712268,-58.2072930202529,94.95233829814276,94.1695021080954,0.7975350831868143,54.195470993448964,481.5,13.273463249206545,594.068115234375
SK272,-1496.84,397.66,-112.82,10191.64,0.0,0.0,0.0008,0.0102,0.002,-0.5519,0.0,0.0,0.4492,0.0,0.0,921.7430697859238,37.73436134428243,311.5478496053923,276.23249607653173,-68.77648748887566,92.43066934305405,135.84247004717741,0.7710677927961528,50.05270487370277,356.25,13.393372535705565,649.6110229492188
ska35s25,-1772.73,276.85,-162.36,12899.78,0.0,0.0,-0.14393,-0.8,0.0,-0.49481,0.0,0.0,0.35,0.0,0.0,921.8835374448488,36.85654839221198,376.2018098935973,239.8016714296282,-23.527686049540645,98.53643586152391,97.27650506785616,0.991213041610841,54.32399812313514,520.5,13.30609893798828,599.8436279296875
